soc,physical_level,MET,E_human_J_per_h
11-1011,4.16,3.807,1114994.1600000001
11-1021,4.46,4.0545,1187481.96
11-2011,4.61,4.17825,1223725.86
11-2021,4.4,4.005,1172984.4
11-2022,4.29,3.91425,1146405.54
11-2033,4.14,3.7904999999999998,1110161.64
11-3012,4.15,3.79875,1112577.9000000001
11-3013,3.995,3.670875,1075125.87
11-3021,4.9,4.4175,1293797.4000000001
11-3031,4.403333333333333,4.00775,1173789.8199999998
11-3051,4.301666666666667,3.923875,1149224.51
11-3061,4.37,3.98025,1165735.62
11-3071,4.05,3.7162499999999996,1088415.3
11-3111,4.33,3.94725,1156070.58
11-3121,4.23,3.8647500000000004,1131907.9800000002
11-3131,4.71,4.26075,1247888.46
11-9013,3.09,2.92425,856454.34
11-9021,3.7,3.4274999999999998,1003846.2
11-9031,3.57,3.3202499999999997,972434.82
11-9032,4.12,3.774,1105329.12
11-9033,4.04,3.7079999999999997,1085999.04
11-9041,4.57,4.14525,1214060.82
11-9051,3.26,3.0645,897530.7599999999
11-9071,4.05,3.7162499999999996,1088415.3
11-9072,4.34,3.9555,1158486.8399999999
11-9081,4.27,3.8977499999999994,1141573.0199999998
11-9111,4.56,4.137,1211644.5599999998
11-9121,4.31,3.9307499999999993,1151238.0599999998
11-9131,4.29,3.91425,1146405.54
11-9141,4.2,3.84,1124659.2
11-9151,4.23,3.8647500000000004,1131907.9800000002
11-9161,4.35,3.9637499999999997,1160903.0999999999
11-9171,4.29,3.91425,1146405.54
11-9179,3.9299999999999997,3.6172499999999994,1059420.1799999997
11-9199,4.283333333333333,3.9087499999999995,1144794.6999999997
13-1011,3.7,3.4274999999999998,1003846.2
13-1021,3.61,3.3532499999999996,982099.8599999999
13-1022,4.02,3.6914999999999996,1081166.5199999998
13-1023,4.32,3.939,1153654.32
13-1031,4.68,4.236,1240639.68
13-1032,4.68,4.236,1240639.68
13-1041,4.272857142857143,3.9001071428571428,1142263.38
13-1051,4.57,4.14525,1214060.82
13-1071,4.55,4.12875,1209228.3
13-1074,2.54,2.4705,723560.04
13-1075,3.52,3.279,960353.52
13-1081,4.453333333333333,4.0489999999999995,1185871.1199999999
13-1111,4.29,3.91425,1146405.54
13-1121,4.43,4.02975,1180233.18
13-1131,4.38,3.9884999999999997,1168151.88
13-1141,4.19,3.83175,1122242.9400000002
13-1151,4.04,3.7079999999999997,1085999.04
13-1161,4.720000000000001,4.269,1250304.72
13-1199,4.415,4.0173749999999995,1176608.7899999998
13-2011,4.45,4.046250000000001,1185065.7000000002
13-2022,4.39,3.9967499999999996,1170568.14
13-2023,4.52,4.103999999999999,1201979.5199999998
13-2031,4.48,4.071,1192314.48
13-2041,4.45,4.046250000000001,1185065.7000000002
13-2052,4.62,4.1865,1226142.1199999999
13-2053,4.41,4.013249999999999,1175400.66
13-2061,4.09,3.7492499999999995,1098080.3399999999
13-2071,4.39,3.9967499999999996,1170568.14
13-2072,4.24,3.8729999999999998,1134324.2399999998
13-2081,4.77,4.31025,1262386.0199999998
13-2082,4.67,4.22775,1238223.42
13-2099,4.58,4.153499999999999,1216477.0799999998
15-1211,4.859999999999999,4.384499999999999,1284132.3599999999
15-1212,4.7,4.2524999999999995,1245472.1999999997
15-1221,4.97,4.47525,1310711.22
15-1231,4.95,4.45875,1305878.7
15-1232,4.78,4.3185,1264802.28
15-1241,4.615,4.182375,1224933.99
15-1242,4.83,4.35975,1276883.58
15-1243,4.859999999999999,4.384499999999999,1284132.3599999999
15-1244,4.86,4.3845,1284132.36
15-1251,4.95,4.45875,1305878.7
15-1252,4.61,4.17825,1223725.86
15-1253,4.94,4.4505,1303462.44
15-1254,4.88,4.401,1288964.88
15-1255,4.85,4.37625,1281716.0999999999
15-1299,4.745,4.289625,1256345.37
15-2011,4.68,4.236,1240639.68
15-2021,4.25,3.8812499999999996,1136740.5
15-2031,4.67,4.22775,1238223.42
15-2041,4.800000000000001,4.335000000000001,1269634.8000000003
15-2051,4.6899999999999995,4.244249999999999,1243055.94
15-2099,4.91,4.42575,1296213.6600000001
17-1011,4.67,4.22775,1238223.42
17-1012,4.1,3.7574999999999994,1100496.5999999999
17-1021,4.69,4.24425,1243055.9400000002
17-1022,4.58,4.153499999999999,1216477.0799999998
17-2011,4.88,4.401,1288964.88
17-2021,4.7,4.2524999999999995,1245472.1999999997
17-2031,4.7,4.2524999999999995,1245472.1999999997
17-2041,4.52,4.103999999999999,1201979.5199999998
17-2051,4.32,3.939,1153654.32
17-2061,4.86,4.3845,1284132.36
17-2071,4.92,4.434,1298629.92
17-2072,4.76,4.302,1259969.76
17-2081,4.38,3.9884999999999997,1168151.88
17-2111,4.03,3.69975,1083582.78
17-2112,4.2725,3.8998125,1142177.085
17-2121,4.0,3.675,1076334.0
17-2131,4.1,3.7574999999999994,1100496.5999999999
17-2141,4.476666666666667,4.06825,1191509.0599999998
17-2151,4.75,4.293749999999999,1257553.4999999998
17-2161,4.5,4.0875,1197147.0
17-2171,4.43,4.02975,1180233.18
17-2199,4.515,4.099874999999999,1200771.3899999997
17-3011,4.77,4.31025,1262386.0199999998
17-3012,4.76,4.302,1259969.76
17-3013,4.72,4.269,1250304.72
17-3021,4.42,4.0215,1177816.92
17-3022,4.45,4.046250000000001,1185065.7000000002
17-3023,4.42,4.0215,1177816.92
17-3024,4.4399999999999995,4.037999999999999,1182649.44
17-3025,3.75,3.46875,1015927.5
17-3026,4.1850000000000005,3.8276250000000003,1121034.81
17-3027,4.15,3.79875,1112577.9000000001
17-3029,4.07,3.7327500000000002,1093247.82
17-3031,4.53,4.1122499999999995,1204395.7799999998
19-1011,4.48,4.071,1192314.48
19-1012,3.86,3.5595,1042506.36
19-1013,4.62,4.1865,1226142.1199999999
19-1021,4.67,4.22775,1238223.42
19-1022,4.36,3.972,1163319.36
19-1023,4.45,4.046250000000001,1185065.7000000002
19-1029,4.58,4.153499999999999,1216477.0799999998
19-1031,4.18,3.8234999999999997,1119826.68
19-1032,3.95,3.63375,1064252.7
19-1041,4.58,4.153499999999999,1216477.0799999998
19-1042,4.25,3.8812499999999996,1136740.5
19-2011,4.91,4.42575,1296213.6600000001
19-2012,4.57,4.14525,1214060.82
19-2021,4.79,4.32675,1267218.54
19-2031,3.82,3.5264999999999995,1032841.3199999998
19-2032,4.19,3.83175,1122242.9400000002
19-2041,4.41,4.013249999999999,1175400.66
19-2042,4.44,4.038,1182649.4400000002
19-2043,4.64,4.202999999999999,1230974.64
19-2099,4.8,4.334999999999999,1269634.7999999998
19-3011,4.6899999999999995,4.244249999999999,1243055.94
19-3022,4.76,4.302,1259969.76
19-3032,4.56,4.137,1211644.5599999998
19-3033,3.28,3.0809999999999995,902363.2799999998
19-3034,3.13,2.9572499999999997,866119.38
19-3039,4.125,3.7781249999999997,1106537.25
19-3041,4.37,3.98025,1165735.62
19-3051,4.08,3.7409999999999997,1095664.08
19-3091,4.35,3.9637499999999997,1160903.0999999999
19-3092,4.55,4.12875,1209228.3
19-3093,4.31,3.9307499999999993,1151238.0599999998
19-3094,4.2,3.84,1124659.2
19-3099,4.45,4.046250000000001,1185065.7000000002
19-4012,3.84,3.5429999999999997,1037673.84
19-4013,4.22,3.8564999999999996,1129491.72
19-4021,4.1,3.7574999999999994,1100496.5999999999
19-4031,4.14,3.7904999999999998,1110161.64
19-4042,3.85,3.55125,1040090.1
19-4043,4.14,3.7904999999999998,1110161.64
19-4051,3.69,3.41925,1001429.94
19-4061,4.73,4.27725,1252720.9800000002
19-4071,3.67,3.4027499999999997,996597.4199999998
19-4092,3.99,3.66675,1073917.74
19-4099,4.305,3.9266249999999996,1150029.93
19-5011,4.18,3.8234999999999997,1119826.68
19-5012,4.14,3.7904999999999998,1110161.64
21-1011,4.49,4.07925,1194730.74
21-1012,4.44,4.038,1182649.4400000002
21-1013,4.05,3.7162499999999996,1088415.3
21-1014,3.86,3.5595,1042506.36
21-1015,4.15,3.79875,1112577.9000000001
21-1021,4.41,4.013249999999999,1175400.66
21-1022,3.85,3.55125,1040090.1
21-1023,3.87,3.5677499999999998,1044922.6199999999
21-1091,4.19,3.83175,1122242.9400000002
21-1092,4.19,3.83175,1122242.9400000002
21-1093,3.99,3.66675,1073917.74
21-1094,4.4,4.005,1172984.4
21-2011,3.33,3.1222499999999997,914444.58
21-2021,3.94,3.6254999999999997,1061836.44
23-1011,4.0,3.675,1076334.0
23-1012,3.94,3.6254999999999997,1061836.44
23-1021,3.44,3.2129999999999996,941023.4399999998
23-1022,3.35,3.13875,919277.1
23-1023,3.55,3.3037499999999995,967602.2999999998
23-2011,4.38,3.9884999999999997,1168151.88
23-2093,4.54,4.1205,1206812.04
25-1011,4.13,3.78225,1107745.38
25-1021,4.65,4.21125,1233390.9
25-1022,4.02,3.6914999999999996,1081166.5199999998
25-1031,4.52,4.103999999999999,1201979.5199999998
25-1032,4.13,3.78225,1107745.38
25-1041,3.89,3.58425,1049755.1400000001
25-1042,4.59,4.16175,1218893.3399999999
25-1043,4.39,3.9967499999999996,1170568.14
25-1051,4.37,3.98025,1165735.62
25-1052,4.35,3.9637499999999997,1160903.0999999999
25-1053,4.28,3.906,1143989.28
25-1054,4.56,4.137,1211644.5599999998
25-1061,4.41,4.013249999999999,1175400.66
25-1062,4.04,3.7079999999999997,1085999.04
25-1063,4.25,3.8812499999999996,1136740.5
25-1064,4.74,4.2855,1255137.24
25-1065,4.14,3.7904999999999998,1110161.64
25-1066,4.35,3.9637499999999997,1160903.0999999999
25-1067,4.47,4.062749999999999,1189898.22
25-1071,4.44,4.038,1182649.4400000002
25-1072,4.58,4.153499999999999,1216477.0799999998
25-1081,4.09,3.7492499999999995,1098080.3399999999
25-1082,4.8,4.334999999999999,1269634.7999999998
25-1111,4.53,4.1122499999999995,1204395.7799999998
25-1112,3.72,3.444,1008678.72
25-1113,4.58,4.153499999999999,1216477.0799999998
25-1121,3.9,3.5925,1052171.4
25-1122,4.42,4.0215,1177816.92
25-1123,4.11,3.76575,1102912.86
25-1124,4.27,3.8977499999999994,1141573.0199999998
25-1125,3.85,3.55125,1040090.1
25-1126,4.06,3.7244999999999995,1090831.5599999998
25-1192,3.95,3.63375,1064252.7
25-1193,3.96,3.642,1066668.96
25-1194,3.55,3.3037499999999995,967602.2999999998
25-2011,2.27,2.24775,658321.02
25-2012,3.55,3.3037499999999995,967602.2999999998
25-2021,4.12,3.774,1105329.12
25-2022,3.87,3.5677499999999998,1044922.6199999999
25-2023,4.14,3.7904999999999998,1110161.64
25-2031,4.19,3.83175,1122242.9400000002
25-2032,4.08,3.7409999999999997,1095664.08
25-2051,4.03,3.69975,1083582.78
25-2056,3.63,3.36975,986932.38
25-2057,3.84,3.5429999999999997,1037673.84
25-2058,4.49,4.07925,1194730.74
25-2059,3.24,3.048,892698.2400000001
25-3011,3.65,3.38625,991764.9
25-3021,2.83,2.70975,793631.5800000001
25-3031,3.25,3.05625,895114.5
25-3041,3.45,3.22125,943439.7
25-4011,4.52,4.103999999999999,1201979.5199999998
25-4012,3.99,3.66675,1073917.74
25-4013,3.31,3.10575,909612.06
25-4022,4.74,4.2855,1255137.24
25-4031,4.29,3.91425,1146405.54
25-9021,4.19,3.83175,1122242.9400000002
25-9031,4.45,4.046250000000001,1185065.7000000002
25-9042,3.12,2.949,863703.1199999999
25-9043,3.11,2.94075,861286.86
25-9044,4.22,3.8564999999999996,1129491.72
27-1011,4.57,4.14525,1214060.82
27-1012,3.09,2.92425,856454.34
27-1013,3.46,3.2295,945855.96
27-1014,4.84,4.368,1279299.84
27-1021,4.38,3.9884999999999997,1168151.88
27-1022,3.93,3.61725,1059420.18
27-1023,3.01,2.8582499999999995,837124.2599999998
27-1024,4.75,4.293749999999999,1257553.4999999998
27-1025,4.42,4.0215,1177816.92
27-1026,3.2,3.015,883033.2000000001
27-1027,3.9,3.5925,1052171.4
27-2011,1.97,2.00025,585833.22
27-2012,4.1175,3.7719374999999995,1104725.055
27-2021,2.37,2.33025,682483.62
27-2022,3.64,3.378,989348.64
27-2023,2.38,2.3385,684899.88
27-2031,1.19,1.35675,397364.94
27-2032,2.38,2.3385,684899.88
27-2041,3.61,3.3532499999999996,982099.8599999999
27-2042,1.82,1.8765,549589.3200000001
27-3011,3.76,3.477,1018343.7599999999
27-3023,3.81,3.5182499999999997,1030425.0599999999
27-3031,4.24,3.8729999999999998,1134324.2399999998
27-3041,4.57,4.14525,1214060.82
27-3042,4.61,4.17825,1223725.86
27-3043,3.63,3.36975,986932.38
27-3091,3.26,3.0645,897530.7599999999
27-3092,4.64,4.202999999999999,1230974.64
27-4011,4.54,4.1205,1206812.04
27-4012,4.58,4.153499999999999,1216477.0799999998
27-4014,4.92,4.434,1298629.92
27-4021,4.68,4.236,1240639.68
27-4031,4.29,3.91425,1146405.54
27-4032,4.87,4.3927499999999995,1286548.6199999999
29-1011,3.86,3.5595,1042506.36
29-1021,3.3,3.0974999999999997,907195.7999999999
29-1022,3.68,3.411,999013.68
29-1023,3.61,3.3532499999999996,982099.8599999999
29-1024,3.94,3.6254999999999997,1061836.44
29-1031,4.17,3.81525,1117410.42
29-1041,4.24,3.8729999999999998,1134324.2399999998
29-1051,4.16,3.807,1114994.1600000001
29-1071,3.585,3.3326249999999997,976059.2099999998
29-1081,4.45,4.046250000000001,1185065.7000000002
29-1122,3.62,3.3615,984516.12
29-1123,3.86,3.5595,1042506.36
29-1124,4.38,3.9884999999999997,1168151.88
29-1125,3.64,3.378,989348.64
29-1126,3.79,3.50175,1025592.54
29-1127,4.31,3.9307499999999993,1151238.0599999998
29-1128,4.0,3.675,1076334.0
29-1129,3.27,3.0727499999999996,899947.0199999999
29-1131,3.24,3.048,892698.2400000001
29-1141,4.186,3.8284499999999997,1121276.436
29-1151,4.15,3.79875,1112577.9000000001
29-1161,4.0,3.675,1076334.0
29-1171,4.2,3.84,1124659.2
29-1181,4.77,4.31025,1262386.0199999998
29-1211,3.33,3.1222499999999997,914444.58
29-1213,4.12,3.774,1105329.12
29-1214,4.34,3.9555,1158486.8399999999
29-1215,4.55,4.12875,1209228.3
29-1216,4.1,3.7574999999999994,1100496.5999999999
29-1217,3.97,3.6502499999999998,1069085.22
29-1218,4.18,3.8234999999999997,1119826.68
29-1221,4.02,3.6914999999999996,1081166.5199999998
29-1222,4.28,3.906,1143989.28
29-1223,3.46,3.2295,945855.96
29-1224,4.47,4.062749999999999,1189898.22
29-1229,4.194999999999999,3.8358749999999993,1123451.0699999998
29-1241,3.05,2.89125,846789.2999999999
29-1291,3.03,2.8747499999999997,841956.7799999999
29-1292,3.82,3.5264999999999995,1032841.3199999998
29-1299,3.92,3.609,1057003.92
29-2011,4.125,3.7781249999999997,1106537.25
29-2012,3.885,3.580125,1048547.0099999999
29-2031,4.3,3.9225,1148821.8
29-2032,3.98,3.6584999999999996,1071501.48
29-2033,4.55,4.12875,1209228.3
29-2034,4.29,3.91425,1146405.54
29-2035,4.52,4.103999999999999,1201979.5199999998
29-2036,4.8,4.334999999999999,1269634.7999999998
29-2051,3.0,2.8499999999999996,834707.9999999999
29-2052,4.17,3.81525,1117410.42
29-2053,3.13,2.9572499999999997,866119.38
29-2055,2.85,2.72625,798464.0999999999
29-2056,3.28,3.0809999999999995,902363.2799999998
29-2057,4.09,3.7492499999999995,1098080.3399999999
29-2061,3.77,3.4852499999999997,1020760.0199999999
29-2081,4.3,3.9225,1148821.8
29-2091,4.14,3.7904999999999998,1110161.64
29-2092,4.3,3.9225,1148821.8
29-2099,4.326666666666667,3.9445,1155265.1600000001
29-9091,3.2,3.015,883033.2000000001
29-9092,4.26,3.8894999999999995,1139156.76
29-9093,3.53,3.28725,962769.7799999999
29-9099,3.5,3.2624999999999997,955520.9999999999
31-1121,1.91,1.9507499999999998,571335.6599999999
31-1122,3.47,3.23775,948272.2200000001
31-1131,3.08,2.916,854038.0800000001
31-1132,2.45,2.39625,701813.7000000001
31-1133,2.96,2.8169999999999997,825042.9599999998
31-2011,3.97,3.6502499999999998,1069085.22
31-2012,3.9,3.5925,1052171.4
31-2021,4.14,3.7904999999999998,1110161.64
31-2022,4.01,3.6832499999999997,1078750.26
31-9011,2.27,2.24775,658321.02
31-9091,4.45,4.046250000000001,1185065.7000000002
31-9092,4.68,4.236,1240639.68
31-9093,3.52,3.279,960353.52
31-9094,4.84,4.368,1279299.84
31-9095,4.51,4.09575,1199563.26
31-9096,3.94,3.6254999999999997,1061836.44
31-9097,4.41,4.013249999999999,1175400.66
31-9099,3.63,3.36975,986932.38
33-1011,4.08,3.7409999999999997,1095664.08
33-1012,4.08,3.7409999999999997,1095664.08
33-1021,3.4,3.1799999999999997,931358.3999999999
33-1091,3.9,3.5925,1052171.4
33-2011,3.08,2.916,854038.0800000001
33-2021,3.94,3.6254999999999997,1061836.44
33-2022,3.44,3.2129999999999996,941023.4399999998
33-3011,3.57,3.3202499999999997,972434.82
33-3012,3.81,3.5182499999999997,1030425.0599999999
33-3021,4.173333333333333,3.8179999999999996,1118215.8399999999
33-3031,3.75,3.46875,1015927.5
33-3041,3.5,3.2624999999999997,955520.9999999999
33-3051,4.4,4.005,1172984.4
33-3052,3.67,3.4027499999999997,996597.4199999998
33-9011,3.73,3.45225,1011094.98
33-9021,4.34,3.9555,1158486.8399999999
33-9031,4.62,4.1865,1226142.1199999999
33-9032,4.11,3.76575,1102912.86
33-9091,1.98,2.0084999999999997,588249.4799999999
33-9092,2.5,2.4375,713895.0
33-9093,3.0,2.8499999999999996,834707.9999999999
33-9099,3.91,3.60075,1054587.6600000001
35-1011,3.21,3.02325,885449.46
35-1012,3.48,3.246,950688.48
35-2011,2.14,2.1405000000000003,626909.64
35-2012,2.02,2.0415,597914.52
35-2013,2.54,2.4705,723560.04
35-2014,1.48,1.5959999999999999,467436.4799999999
35-2015,1.65,1.7362499999999998,508512.89999999997
35-2021,1.88,1.926,564086.88
35-3011,2.57,2.49525,730808.82
35-3023,2.545,2.4746249999999996,724768.1699999998
35-3031,3.0,2.8499999999999996,834707.9999999999
35-3041,2.8,2.6849999999999996,786382.7999999998
35-9011,3.04,2.883,844373.04
35-9021,1.95,1.98375,581000.7
35-9031,2.09,2.0992499999999996,614828.3399999999
37-1011,3.74,3.4605,1013511.2400000001
37-1012,2.93,2.79225,817794.18
37-2011,2.76,2.6519999999999997,776717.7599999999
37-2012,1.72,1.7939999999999998,525426.72
37-2021,2.5,2.4375,713895.0
37-3011,1.25,1.40625,411862.5
37-3012,2.31,2.28075,667986.0599999999
37-3013,1.44,1.563,457771.44
39-1013,3.66,3.3945,994181.1599999999
39-1022,4.14,3.7904999999999998,1110161.64
39-2011,2.62,2.5364999999999998,742890.1199999999
39-2021,2.93,2.79225,817794.18
39-3011,1.51,1.62075,474685.26
39-3012,2.75,2.64375,774301.5
39-3021,4.14,3.7904999999999998,1110161.64
39-3031,2.7,2.6025,762220.2000000001
39-3091,3.24,3.048,892698.2400000001
39-3092,2.4,2.3549999999999995,689732.3999999999
39-3093,1.46,1.5795,462603.95999999996
39-4011,3.35,3.13875,919277.1
39-4021,2.5,2.4375,713895.0
39-4031,3.7,3.4274999999999998,1003846.2
39-5011,1.43,1.5547499999999999,455355.18
39-5012,2.95,2.80875,822626.7
39-5091,2.57,2.49525,730808.82
39-5092,2.0,2.025,593082.0
39-5093,1.75,1.8187499999999999,532675.4999999999
39-5094,3.88,3.5759999999999996,1047338.8799999999
39-6011,3.17,2.9902499999999996,875784.4199999998
39-6012,3.73,3.45225,1011094.98
39-7011,2.39,2.34675,687316.14
39-7012,2.82,2.7015,791215.32
39-9011,1.82,1.8765,549589.3200000001
39-9031,2.67,2.57775,754971.4199999999
39-9032,3.86,3.5595,1042506.36
39-9041,3.57,3.3202499999999997,972434.82
41-1011,3.24,3.048,892698.2400000001
41-1012,4.25,3.8812499999999996,1136740.5
41-2011,2.87,2.74275,803296.62
41-2012,3.78,3.4934999999999996,1023176.2799999998
41-2021,3.7,3.4274999999999998,1003846.2
41-2022,4.48,4.071,1192314.48
41-2031,3.46,3.2295,945855.96
41-3011,4.12,3.774,1105329.12
41-3021,3.88,3.5759999999999996,1047338.8799999999
41-3031,4.42,4.0215,1177816.92
41-3041,4.6,4.17,1221309.5999999999
41-4011,3.825,3.530625,1034049.4500000001
41-4012,4.07,3.7327500000000002,1093247.82
41-9011,2.02,2.0415,597914.52
41-9012,1.38,1.5134999999999998,443273.87999999995
41-9021,3.9,3.5925,1052171.4
41-9022,4.4,4.005,1172984.4
41-9031,4.19,3.83175,1122242.9400000002
41-9041,3.61,3.3532499999999996,982099.8599999999
41-9091,3.52,3.279,960353.52
43-1011,4.47,4.062749999999999,1189898.22
43-2011,3.79,3.50175,1025592.54
43-2021,4.38,3.9884999999999997,1168151.88
43-3011,4.16,3.807,1114994.1600000001
43-3021,4.67,4.22775,1238223.42
43-3031,4.46,4.0545,1187481.96
43-3041,4.07,3.7327500000000002,1093247.82
43-3051,4.37,3.98025,1165735.62
43-3061,4.48,4.071,1192314.48
43-3071,4.28,3.906,1143989.28
43-4011,4.19,3.83175,1122242.9400000002
43-4021,4.52,4.103999999999999,1201979.5199999998
43-4031,4.62,4.1865,1226142.1199999999
43-4041,4.42,4.0215,1177816.92
43-4051,4.54,4.1205,1206812.04
43-4061,4.7,4.2524999999999995,1245472.1999999997
43-4071,4.56,4.137,1211644.5599999998
43-4081,4.55,4.12875,1209228.3
43-4111,4.93,4.44225,1301046.18
43-4121,4.65,4.21125,1233390.9
43-4131,4.92,4.434,1298629.92
43-4141,3.66,3.3945,994181.1599999999
43-4151,4.31,3.9307499999999993,1151238.0599999998
43-4161,4.64,4.202999999999999,1230974.64
43-4171,4.57,4.14525,1214060.82
43-4181,4.83,4.35975,1276883.58
43-5011,3.705,3.431625,1005054.3300000001
43-5021,1.82,1.8765,549589.3200000001
43-5031,4.89,4.409249999999999,1291381.1399999997
43-5032,4.12,3.774,1105329.12
43-5041,3.41,3.18825,933774.66
43-5051,3.66,3.3945,994181.1599999999
43-5052,1.74,1.8105,530259.24
43-5053,2.98,2.8335,829875.48
43-5061,4.35,3.9637499999999997,1160903.0999999999
43-5071,3.25,3.05625,895114.5
43-5111,3.89,3.58425,1049755.1400000001
43-6011,4.41,4.013249999999999,1175400.66
43-6012,4.33,3.94725,1156070.58
43-6013,4.46,4.0545,1187481.96
43-6014,4.38,3.9884999999999997,1168151.88
43-9021,4.71,4.26075,1247888.46
43-9022,4.15,3.79875,1112577.9000000001
43-9031,4.47,4.062749999999999,1189898.22
43-9041,4.42,4.0215,1177816.92
43-9051,3.29,3.08925,904779.54
43-9061,4.25,3.8812499999999996,1136740.5
43-9071,3.99,3.66675,1073917.74
43-9081,4.1,3.7574999999999994,1100496.5999999999
43-9111,4.78,4.3185,1264802.28
45-1011,2.91,2.77575,812961.66
45-2011,3.93,3.61725,1059420.18
45-2021,2.97,2.82525,827459.2200000001
45-2041,1.86,1.9095,559254.36
45-2091,2.38,2.3385,684899.88
45-2092,2.64,2.553,747722.64
45-2093,2.5,2.4375,713895.0
45-3031,2.47,2.41275,706646.22
45-4011,3.17,2.9902499999999996,875784.4199999998
45-4021,1.11,1.29075,378034.86000000004
45-4022,2.44,2.388,699397.44
45-4023,3.52,3.279,960353.52
47-1011,2.9749999999999996,2.8293749999999998,828667.3499999999
47-2011,3.15,2.97375,870951.9
47-2021,1.77,1.8352499999999998,537508.02
47-2022,2.07,2.08275,609995.82
47-2031,2.63,2.5447499999999996,745306.3799999999
47-2041,1.35,1.48875,436025.10000000003
47-2042,1.81,1.86825,547173.06
47-2043,2.01,2.03325,595498.2599999999
47-2044,1.32,1.464,428776.32
47-2051,2.01,2.03325,595498.2599999999
47-2053,1.59,1.68675,494015.33999999997
47-2061,2.25,2.23125,653488.5
47-2071,2.16,2.157,631742.16
47-2072,2.11,2.11575,619660.86
47-2073,2.45,2.39625,701813.7000000001
47-2081,1.37,1.50525,440857.62
47-2082,1.07,1.2577500000000001,368369.82
47-2111,2.36,2.322,680067.36
47-2121,2.01,2.03325,595498.2599999999
47-2131,1.58,1.6784999999999999,491599.07999999996
47-2132,1.85,1.9012499999999999,556838.1
47-2141,1.62,1.7115,501264.12000000005
47-2142,1.91,1.9507499999999998,571335.6599999999
47-2151,2.1,2.1075,617244.6
47-2152,2.5300000000000002,2.46225,721143.78
47-2161,2.23,2.21475,648655.98
47-2171,1.79,1.85175,542340.54
47-2181,2.16,2.157,631742.16
47-2211,2.5,2.4375,713895.0
47-2221,1.39,1.52175,445690.13999999996
47-2231,2.7,2.6025,762220.2000000001
47-3011,1.43,1.5547499999999999,455355.18
47-3012,1.86,1.9095,559254.36
47-3013,2.74,2.6355,771885.24
47-3014,1.04,1.233,361121.04000000004
47-3015,2.11,2.11575,619660.86
47-3016,2.71,2.61075,764636.46
47-4011,4.125,3.7781249999999997,1106537.25
47-4021,3.34,3.1304999999999996,916860.8399999999
47-4031,2.04,2.058,602747.04
47-4041,2.6,2.52,738057.6
47-4051,3.01,2.8582499999999995,837124.2599999998
47-4061,2.08,2.091,612412.0800000001
47-4071,1.59,1.68675,494015.33999999997
47-4091,1.36,1.497,438441.36000000004
47-4099,3.23,3.0397499999999997,890281.9799999999
47-5011,2.42,2.3715,694564.92
47-5012,1.64,1.7279999999999998,506096.6399999999
47-5013,2.22,2.2065,646239.7200000001
47-5022,1.92,1.9589999999999999,573751.9199999999
47-5023,1.79,1.85175,542340.54
47-5032,2.42,2.3715,694564.92
47-5041,1.85,1.9012499999999999,556838.1
47-5043,1.42,1.5465,452938.92
47-5044,1.53,1.6372499999999999,479517.77999999997
47-5051,1.64,1.7279999999999998,506096.6399999999
47-5071,1.97,2.00025,585833.22
47-5081,2.21,2.19825,643823.46
49-1011,3.82,3.5264999999999995,1032841.3199999998
49-2011,4.11,3.76575,1102912.86
49-2021,4.01,3.6832499999999997,1078750.26
49-2022,4.44,4.038,1182649.4400000002
49-2091,4.15,3.79875,1112577.9000000001
49-2092,2.92,2.784,815377.9199999999
49-2093,3.74,3.4605,1013511.2400000001
49-2094,4.16,3.807,1114994.1600000001
49-2095,3.93,3.61725,1059420.18
49-2096,3.96,3.642,1066668.96
49-2097,4.19,3.83175,1122242.9400000002
49-2098,4.01,3.6832499999999997,1078750.26
49-3011,3.44,3.2129999999999996,941023.4399999998
49-3021,2.83,2.70975,793631.5800000001
49-3022,2.05,2.0662499999999997,605163.2999999999
49-3023,3.65,3.38625,991764.9
49-3031,3.6,3.3449999999999998,979683.5999999999
49-3041,3.81,3.5182499999999997,1030425.0599999999
49-3042,3.44,3.2129999999999996,941023.4399999998
49-3043,2.15,2.1487499999999997,629325.8999999999
49-3051,2.97,2.82525,827459.2200000001
49-3052,3.77,3.4852499999999997,1020760.0199999999
49-3053,3.71,3.4357499999999996,1006262.4599999998
49-3091,2.89,2.7592499999999998,808129.1399999999
49-3092,2.67,2.57775,754971.4199999999
49-3093,2.57,2.49525,730808.82
49-9011,2.12,2.1239999999999997,622077.1199999999
49-9012,3.52,3.279,960353.52
49-9021,2.72,2.619,767052.7200000001
49-9031,2.93,2.79225,817794.18
49-9041,3.42,3.1965,936190.9199999999
49-9043,3.03,2.8747499999999997,841956.7799999999
49-9044,2.76,2.6519999999999997,776717.7599999999
49-9045,1.71,1.78575,523010.45999999996
49-9051,2.05,2.0662499999999997,605163.2999999999
49-9052,3.88,3.5759999999999996,1047338.8799999999
49-9061,3.57,3.3202499999999997,972434.82
49-9062,3.78,3.4934999999999996,1023176.2799999998
49-9063,2.73,2.62725,769468.98
49-9064,2.1,2.1075,617244.6
49-9071,3.43,3.2047499999999998,938607.1799999999
49-9081,3.89,3.58425,1049755.1400000001
49-9091,2.86,2.7344999999999997,800880.36
49-9092,2.33,2.29725,672818.5800000001
49-9094,3.58,3.3285,974851.0800000001
49-9095,2.16,2.157,631742.16
49-9096,2.35,2.3137499999999998,677651.0999999999
49-9097,2.69,2.5942499999999997,759803.9399999998
49-9098,2.1,2.1075,617244.6
49-9099,3.54,3.2954999999999997,965186.0399999999
51-1011,3.73,3.45225,1011094.98
51-2011,3.06,2.8994999999999997,849205.5599999999
51-2021,2.42,2.3715,694564.92
51-2022,2.77,2.66025,779134.02
51-2023,2.98,2.8335,829875.48
51-2031,2.86,2.7344999999999997,800880.36
51-2041,2.47,2.41275,706646.22
51-2051,1.93,1.96725,576168.1799999999
51-2061,2.74,2.6355,771885.24
51-2092,2.88,2.751,805712.88
51-3011,2.36,2.322,680067.36
51-3021,2.5,2.4375,713895.0
51-3022,2.08,2.091,612412.0800000001
51-3023,1.5,1.6124999999999998,472268.99999999994
51-3091,3.38,3.1635,926525.88
51-3092,3.48,3.246,950688.48
51-3093,2.59,2.5117499999999997,735641.34
51-4021,3.05,2.89125,846789.2999999999
51-4022,3.16,2.9819999999999998,873368.1599999999
51-4023,3.21,3.02325,885449.46
51-4031,2.4,2.3549999999999995,689732.3999999999
51-4032,3.84,3.5429999999999997,1037673.84
51-4033,2.98,2.8335,829875.48
51-4034,4.0,3.675,1076334.0
51-4035,3.47,3.23775,948272.2200000001
51-4041,3.36,3.147,921693.36
51-4051,2.57,2.49525,730808.82
51-4052,2.66,2.5695,752555.16
51-4061,3.0,2.8499999999999996,834707.9999999999
51-4062,3.15,2.97375,870951.9
51-4071,1.7,1.7774999999999999,520594.19999999995
51-4072,2.59,2.5117499999999997,735641.34
51-4081,3.55,3.3037499999999995,967602.2999999998
51-4111,3.48,3.246,950688.48
51-4121,2.14,2.1405000000000003,626909.64
51-4122,2.62,2.5364999999999998,742890.1199999999
51-4191,3.3,3.0974999999999997,907195.7999999999
51-4192,2.18,2.1734999999999998,636574.6799999999
51-4193,2.11,2.11575,619660.86
51-4194,3.18,2.9985,878200.6799999999
51-5111,4.6,4.17,1221309.5999999999
51-5112,3.35,3.13875,919277.1
51-5113,2.83,2.70975,793631.5800000001
51-6011,1.99,2.01675,590665.7400000001
51-6021,2.06,2.0745,607579.56
51-6031,1.86,1.9095,559254.36
51-6041,2.36,2.322,680067.36
51-6042,2.97,2.82525,827459.2200000001
51-6051,2.53,2.4622499999999996,721143.7799999998
51-6052,1.4,1.5299999999999998,448106.3999999999
51-6061,2.99,2.84175,832291.7400000001
51-6062,3.05,2.89125,846789.2999999999
51-6063,2.61,2.52825,740473.86
51-6064,2.43,2.37975,696981.18
51-6091,2.67,2.57775,754971.4199999999
51-6092,3.73,3.45225,1011094.98
51-6093,2.29,2.2642499999999997,663153.5399999999
51-7011,1.88,1.926,564086.88
51-7021,2.55,2.47875,725976.2999999999
51-7031,2.1,2.1075,617244.6
51-7032,3.07,2.9077499999999996,851621.8199999998
51-7041,1.98,2.0084999999999997,588249.4799999999
51-7042,2.01,2.03325,595498.2599999999
51-8011,3.64,3.378,989348.64
51-8012,4.47,4.062749999999999,1189898.22
51-8013,3.2900000000000005,3.0892500000000003,904779.5400000002
51-8021,3.67,3.4027499999999997,996597.4199999998
51-8031,3.54,3.2954999999999997,965186.0399999999
51-8091,3.6,3.3449999999999998,979683.5999999999
51-8092,3.61,3.3532499999999996,982099.8599999999
51-8093,2.81,2.69325,788799.06
51-8099,3.72,3.444,1008678.72
51-9011,3.46,3.2295,945855.96
51-9012,3.18,2.9985,878200.6799999999
51-9021,3.02,2.8665,839540.52
51-9022,3.22,3.0315,887865.72
51-9023,2.54,2.4705,723560.04
51-9031,2.01,2.03325,595498.2599999999
51-9032,2.83,2.70975,793631.5800000001
51-9041,3.66,3.3945,994181.1599999999
51-9051,2.79,2.6767499999999997,783966.5399999999
51-9061,3.29,3.08925,904779.54
51-9071,2.5,2.4375,713895.0
51-9081,2.94,2.8005,820210.44
51-9082,2.59,2.5117499999999997,735641.34
51-9083,3.34,3.1304999999999996,916860.8399999999
51-9111,2.85,2.72625,798464.0999999999
51-9123,1.47,1.58775,465020.22
51-9124,2.59,2.5117499999999997,735641.34
51-9141,3.75,3.46875,1015927.5
51-9151,4.39,3.9967499999999996,1170568.14
51-9161,3.79,3.50175,1025592.54
51-9162,4.79,4.32675,1267218.54
51-9191,2.84,2.718,796047.84
51-9192,3.42,3.1965,936190.9199999999
51-9193,3.37,3.15525,924109.62
51-9194,3.44,3.2129999999999996,941023.4399999998
51-9195,2.725,2.623125,768260.85
51-9196,2.33,2.29725,672818.5800000001
51-9197,2.98,2.8335,829875.48
51-9198,2.62,2.5364999999999998,742890.1199999999
53-1041,3.86,3.5595,1042506.36
53-1042,4.135,3.7863749999999996,1108953.51
53-1043,3.96,3.642,1066668.96
53-2011,3.54,3.2954999999999997,965186.0399999999
53-2012,3.07,2.9077499999999996,851621.8199999998
53-2021,3.46,3.2295,945855.96
53-2022,3.77,3.4852499999999997,1020760.0199999999
53-2031,2.81,2.69325,788799.06
53-3011,3.09,2.92425,856454.34
53-3031,2.41,2.36325,692148.6599999999
53-3032,2.82,2.7015,791215.32
53-3033,2.17,2.16525,634158.4199999999
53-3051,1.83,1.88475,552005.5800000001
53-3052,2.48,2.421,709062.48
53-3053,2.83,2.70975,793631.5800000001
53-4011,2.32,2.2889999999999997,670402.32
53-4013,2.79,2.6767499999999997,783966.5399999999
53-4022,1.92,1.9589999999999999,573751.9199999999
53-4031,3.2,3.015,883033.2000000001
53-4041,2.16,2.157,631742.16
53-5011,2.28,2.256,660737.2799999999
53-5021,2.85,2.72625,798464.0999999999
53-5022,2.38,2.3385,684899.88
53-5031,2.79,2.6767499999999997,783966.5399999999
53-6011,2.63,2.5447499999999996,745306.3799999999
53-6021,2.16,2.157,631742.16
53-6031,2.41,2.36325,692148.6599999999
53-6041,3.98,3.6584999999999996,1071501.48
53-6051,3.2633333333333336,3.06725,898336.18
53-6061,1.39,1.52175,445690.13999999996
53-7011,2.64,2.553,747722.64
53-7021,2.49,2.42925,711478.7400000001
53-7031,1.57,1.67025,489182.82
53-7041,2.32,2.2889999999999997,670402.32
53-7051,3.28,3.0809999999999995,902363.2799999998
53-7061,2.52,2.4539999999999997,718727.5199999999
53-7062,2.075,2.086875,611203.9500000001
53-7063,2.3,2.2725,665569.7999999999
53-7064,2.75,2.64375,774301.5
53-7065,3.05,2.89125,846789.2999999999
53-7071,3.85,3.55125,1040090.1
53-7072,2.69,2.5942499999999997,759803.9399999998
53-7073,3.53,3.28725,962769.7799999999
53-7081,1.55,1.65375,484350.3
53-7121,2.82,2.7015,791215.32
